{
    "head": {
        "cd": 62.2
    },
    "glass": {
        "ar": 46.65
    },
    "cup": {
        "edr": 46.65
    },
    "flower": {
        "sh": 4780.07
    },
    "feather": {
        "sa": 311.0
    },
    "sub": {
        "cr": 64.73877551020409,
        "cd": 57.12244897959184,
        "ar": 0.0
    }
}